,AR,ARIMA,VAR
Ukraine,0.7097555044420161,0.9463523837192211,0.7300546289185706
Poland,0.7691158511335905,0.9658665644857211,0.7733194340171522
